{"comics": 0.6142131979695431, "design": 1.0, "film & video": 0.6520715630885122, "food": 0.741671714112659, "journalism": 0.6, "music": 0.7815206929740135, "publishing": 0.8614203454894434, "technology": 0.3463203463203463, "theater": 0.6247609942638623}